{
    "version": 1,
    "revision": 0,
    "rules": [
        {
            "primary-output": "x64\\Debug\\Defines.h.obj",
            "outputs": [
                "D:\\DX12_Samples\\DX12_Training\\DX_Training\\x64\\Debug\\vc143.pdb",
                "x64\\Debug\\",
                "x64\\Debug\\Defines.h.ifc",
                "x64\\Debug\\DX_Training.pch"
            ],
            "provides": [
                {
                    "logical-name": "Utility\\Defines.h",
                    "source-path": "d:\\dx12_samples\\dx12_training\\dx_training\\utility\\defines.h",
                    "lookup-method": "absolute"
                }
            ],
            "requires": []
        }
    ]
}